{"cameraMode":{"drawMode":0,"name":"Shaded","section":"Shading Mode"},"sceneLighting":false,"audioPlay":false,"sceneViewState":{"showFog":false,"showMaterialUpdate":false,"showSkybox":false,"showFlares":false,"showImageEffects":false,"showParticleSystems":false},"in2DMode":false,"pivot":{"x":-1.6048611402511597,"y":5.018942356109619,"z":-1.0671213865280152},"rotation":{"x":-0.03105044923722744,"y":-0.16712552309036256,"z":0.005271484609693289,"w":-0.985432505607605},"size":38.78209686279297,"orthographic":true}