{"cameraMode":{"drawMode":0,"name":"Shaded","section":"Shading Mode"},"sceneLighting":false,"audioPlay":false,"sceneViewState":{"showFog":true,"showMaterialUpdate":false,"showSkybox":false,"showFlares":true,"showImageEffects":true,"showParticleSystems":true},"in2DMode":false,"pivot":{"x":-0.6176154613494873,"y":-0.5079597234725952,"z":-23.406452178955079},"rotation":{"x":0.09601680934429169,"y":-0.8909391760826111,"z":0.22285901010036469,"w":0.38385167717933657},"size":54.06155776977539,"orthographic":false}