{"cameraMode":{"drawMode":0,"name":"Shaded","section":"Shading Mode"},"sceneLighting":false,"audioPlay":false,"sceneViewState":{"showFog":true,"showMaterialUpdate":false,"showSkybox":false,"showFlares":true,"showImageEffects":true,"showParticleSystems":true},"in2DMode":false,"pivot":{"x":0.0,"y":0.00039952993392944336,"z":0.000536799430847168},"rotation":{"x":-0.20844092965126038,"y":0.01320301741361618,"z":-0.002814121311530471,"w":-0.9779418706893921},"size":3.0662662982940676,"orthographic":true}