{"cameraMode":{"drawMode":0,"name":"Shaded","section":"Shading Mode"},"sceneLighting":false,"audioPlay":false,"sceneViewState":{"showFog":false,"showMaterialUpdate":false,"showSkybox":false,"showFlares":false,"showImageEffects":false,"showParticleSystems":false},"in2DMode":false,"pivot":{"x":91.57857513427735,"y":-2.507946014404297,"z":-131.31993103027345},"rotation":{"x":0.5490760803222656,"y":0.11816409975290299,"z":-0.07877568155527115,"w":0.8236182928085327},"size":106.79611206054688,"orthographic":true}