{"cameraMode":{"drawMode":0,"name":"Shaded","section":"Shading Mode"},"sceneLighting":false,"audioPlay":false,"sceneViewState":{"showFog":true,"showMaterialUpdate":false,"showSkybox":false,"showFlares":true,"showImageEffects":true,"showParticleSystems":true},"in2DMode":false,"pivot":{"x":0.544694185256958,"y":4.044925689697266,"z":1.5590622425079346},"rotation":{"x":-0.052915431559085849,"y":0.9284262657165527,"z":-0.33774396777153017,"w":-0.1454431116580963},"size":6.618536949157715,"orthographic":true}