{"cameraMode":{"drawMode":0,"name":"Shaded","section":"Shading Mode"},"sceneLighting":false,"audioPlay":false,"sceneViewState":{"showFog":true,"showMaterialUpdate":false,"showSkybox":false,"showFlares":true,"showImageEffects":true,"showParticleSystems":true},"in2DMode":false,"pivot":{"x":69.02177429199219,"y":-16.283527374267579,"z":-53.662109375},"rotation":{"x":0.28289952874183657,"y":-0.4376548230648041,"z":0.14727498590946198,"w":0.8406760692596436},"size":86.47100067138672,"orthographic":true}