{"cameraMode":{"drawMode":0,"name":"Shaded","section":"Shading Mode"},"sceneLighting":false,"audioPlay":false,"sceneViewState":{"showFog":true,"showMaterialUpdate":false,"showSkybox":false,"showFlares":true,"showImageEffects":true,"showParticleSystems":true},"in2DMode":false,"pivot":{"x":-0.35355353355407717,"y":1.5749975442886353,"z":0.2638195753097534},"rotation":{"x":-0.22016867995262147,"y":-0.010239288210868836,"z":0.0023166844621300699,"w":-0.9754053950309753},"size":15.978524208068848,"orthographic":true}