{"cameraMode":{"drawMode":0,"name":"Shaded","section":"Shading Mode"},"sceneLighting":false,"audioPlay":false,"sceneViewState":{"showFog":false,"showMaterialUpdate":false,"showSkybox":false,"showFlares":false,"showImageEffects":false,"showParticleSystems":false},"in2DMode":false,"pivot":{"x":2.0535964965820314,"y":0.0,"z":1.4563474655151368},"rotation":{"x":0.5490760803222656,"y":0.11816409975290299,"z":-0.07877568155527115,"w":0.8236182928085327},"size":68.65953063964844,"orthographic":true}