{"cameraMode":{"drawMode":0,"name":"Shaded","section":"Shading Mode"},"sceneLighting":false,"audioPlay":false,"sceneViewState":{"showFog":true,"showMaterialUpdate":false,"showSkybox":false,"showFlares":true,"showImageEffects":true,"showParticleSystems":true},"in2DMode":false,"pivot":{"x":-0.6885015368461609,"y":0.6601351499557495,"z":1.6894749402999879},"rotation":{"x":-0.04536637291312218,"y":0.9517282843589783,"z":-0.17318585515022279,"w":-0.24932292103767396},"size":23.454557418823243,"orthographic":true}