{"cameraMode":{"drawMode":0,"name":"Shaded","section":"Shading Mode"},"sceneLighting":false,"audioPlay":false,"sceneViewState":{"showFog":true,"showMaterialUpdate":false,"showSkybox":false,"showFlares":true,"showImageEffects":true,"showParticleSystems":true},"in2DMode":false,"pivot":{"x":3.4807448387145998,"y":19.320236206054689,"z":41.89248275756836},"rotation":{"x":-0.1421028971672058,"y":0.5566892027854919,"z":-0.09734240919351578,"w":-0.8126674294471741},"size":24.07762336730957,"orthographic":false}