{"cameraMode":{"drawMode":0,"name":"Shaded","section":"Shading Mode"},"sceneLighting":false,"audioPlay":false,"sceneViewState":{"showFog":true,"showMaterialUpdate":false,"showSkybox":false,"showFlares":true,"showImageEffects":true,"showParticleSystems":true},"in2DMode":false,"pivot":{"x":1.068042516708374,"y":6.979879379272461,"z":-2.211322784423828},"rotation":{"x":0.14317701756954194,"y":-0.8385069370269775,"z":0.26408201456069949,"w":0.45460668206214907},"size":44.87112808227539,"orthographic":false}